id,nombre,password,tipo
0,letsgo_company,rfpmubdogy,0
1,live_nation,qelaosruzk,0
2,janos_eventos,bcasktuefr,0
3,fullevent.de,lodqjtbvmn,0
4,b+d_events,qwszpvuaoy,0
5,prospero_producciones_,kvltyshfzn,0
6,producciones_oz_limitada,aociulpgzq,0
7,dnj_producciones,gtyvkmacwf,0
8,espectaculos_gallo_,vfaeuhdgrt,0
9,eventveranstalter_hamburg,gedrjyqnkt,0
10,bizarro_producciones_limitada,ldcitomvuz,0
11,sony_music_entertainment_chile_s.a.,qbaxlvhwyo,0
12,sach_producciones_y_eventos_limitada,cnrhvlpayg,0
13,multimusica_s.a.,wtrhavlcgf,0
14,somosfk,kcszjqrivf,0
15,efeunodos,dbmnvsutck,0
16,onanof_producciones_limitada,iyedcgxsvl,0
17,aguero_producciones_limitada,mgyjuckqrw,0
18,sono_producciones_limitada,sfgmaxvycr,0
19,el_magno_producciones_s.r.l._,ovwpjfbyrm,0
20,arte3,hnfcvgmrob,0
21,ozono_&_piedra_mala_producciones_,zcavdbqhsk,0
22,padrao_bull_prime,gzwbucmytf,0
23,cucarro_producciones_limitada ,iwmaergqzd,0
24,bafochi_ltda,vdhjbkafry,0
25,yataco,onreidvwlp,0
26,casa_eventos,wbhxqnvkmt,0
27,brasil_stands,ntqhxypsue,0
28,german_norambuena_y_cia_ltda,ekywpmxqzu,0
29,your_dream,sltqwejgxr,0
30,rove.me,lntupbsfvm,0
31,charco_booking_spa,dlrtyfqxkz,0
32,eventos_flores_y_padilla_limitada ,rzdvotgmfc,0
33,reverb_-_productora_de_eventos,kpjeqsixrz,0
34,bautrip,ohincfsmqb,0
35,expat,aemnwxkpsc,0
36,soc_concesionaria_arena_bicentenario_s_a ,wvcexkdmyr,0
37,productora_dreams_pro_limitada ,vyjmwgtsbo,0
38,aeg,emspndvitu,0
39,lotus_sonar_spa,dtqyhjimbk,0
40,k_producciones_s.a.,wjhsipzktc,0
41,actitud_creaciones,rhfjogpmtq,0
42,alva_producciones_ltda,ucgpnhsajx,0
43,eventos_y_banqueteria_leonor_contreras_hormazabal_e.i.r.l.,ekjyfmaqzc,0
44,eventlocations_munchen,vayuiholxp,0
45,horwath_productions_inc.,ithsgknvae,0
46,av_company,zgwatmpxin,0
47,ecopass,ygjldnfuqm,0
48,litmind,cdupykramz,0
49,glamour,oswbjhqkzm,0
50,beone_-_entertainment_limitada,swbpgtmenv,0
51,backstage_rockstore_s.a.,gmuetnisvf,0
52,revelation,valyercpjg,0
53,agencia_360,tipuvwmqnk,0
54,grandes_eventos,vrzbyajuld,0
55,ditecsur,buldenmvaj,0
56,apparcel_producciones_limitada,iremdlzhjy,0
57,merci_entertainment_spa ,bjawlhgemy,0
58,audio_level_eventos,ongterwvqh,0
59,rocko_saroni_eventos,lbuqroxijv,0
60,xceed,lprxzfjkiw,0
61,dives_eirl_-_productora_de_evento,whcefbjytn,0
62,eventos_mudness_limitada,rfolhisezx,0
63,blackgaton,cgbouijxes,0
64,ck_events_germany,xfnmqbolvp,0
65,entertainment_group,wskdeuimnr,0
66,producciones_walter_beat,eqzwptvsdc,0
67,hartmann_studios,jqgoliuten,0
68,productora_de_eventos_moviefan_limitada,sfzwjkbrgm,0
69,andres_gardeweg_producciones_e.i.r.l,bjhdxkoiwc,0
70,meta_proyectos_sa,epszthdnbi,0
71,agosin_eventos,gbrcidtyhz,0
72,comercial_visto_bueno_producciones_limitada,cnimolsthz,0
73,comercial_caupolican_limitada,tzxvkhfinc,0
74,eventos_f.c,wkgrenyxhj,0
75,md+,cuhpymlwkb,0
76,carpas_karen_ltda,hxeoysncqd,0
77,onlygroundmusic,uysxpafbld,0
78,gj_comunicaciones,wbgeymqdjx,0
79,gl_events,zudlsjpkgw,0
80,k_international_,spgdhlrvoc,0
81,sonnica_producciones,ygipxoaqvh,0
82,europages,uynrasovxp,0
83,colors_producciones_limitada,mekvgfxypc,0
84,contenidos_y_entretenimientos_s.a._,lqybfoszva,0
85,gn_producciones,oglvsnbcfu,0
86,csi_dmc,cgqdkhsimx,0
87,energika_eventos_limitada,eycdqsbjrx,0
88,lotus_producciones_limitada,gxmzrtdpon,0
89,eventos_luis_maturana_ortega_e.i.r.l,zvqyrpxlmt,0
90,mca,jtopumkzcn,0
91,cultura_ciudadana,mlbuegirhy,0
92,grupo_previa_s.a.,jolqwkhani,0
93,manatua.nz,exkpdzvcjq,0
94,mundo_epika,rnlkcxhyfd,0
95,lets_dance,mwvtnylxog,0
96,comercial_cueto_balmaceda_limitada,jikzguwbme,0
97,productora_babilonia_limitada,guclnsihqv,0
98,t4f_entretenimientos_argentina_,kciynorqau,0
99,entretenciones_jovi_limitada,pdlhjvmrqe,0
100,event_management_nz,nfutpwriqz,0
101,indyrock,xpoyhqcgiv,0
102,la_crypta_s.a._,eojdcgsynp,0
103,canada_eventos,srazogkiyq,0
104,noix_producciones_limitada,pmvenbfzaw,0
105,productora_energy_in_motion_limitada,lpgkucdbaq,0
106,mgc,rmyzgntshw,0
107,tonicas_producciones_,mzdofehcjs,0
108,ariel_diwan_producciones_s.r.l._,rebigxvjcp,0
109,trimade_eventos_limitada ,rsfeuxjtng,0
110,huma_producciones,qmlestcajd,0
111,ultrabeatman_entretenimiento_puro,cqnjdgxsub,0
112,urban_music,jwhcnexuik,0
113,glovox_producciones_limitada,nueilbdxry,0
114,capsule_producciones_spa,bifmdguthj,0
115,feg_entretenimientos_,rnwbqhudxt,0
116,global_journey,ibdflopgxe,0
117,sydney_worldpride,mpeswhgubc,0
118,producciones_y_eventos_empire_digital_limitada,rizfemtcwk,0
119,lino_patalano_,cudnhzagvp,0
120,youtooproject,yjbzoktvix,0
121,centro_de_eventos_dona_sofia,abozjihnqx,0
122,el_vasco_producciones_,lidnystovx,0
123,freedom_eventos,szhpnxlwkb,0
124,privadate,nigbdlykce,0
125,millie_millgate,gxvseuncyl,0
126,sociedad_comercial_metapega_producciones_limitada,losmcraevx,0
127,el_trebol,cwjorhbnlp,0
128,productora_chile_espectaculos,wpeqdoixht,0
129,tolten_eventos,ykgtczawpi,0
130,brl_eventos,jvwtrxuhbn,0
131,c&m_musicos_-_musica_y_asesorias_musicales,myjqzwelhg,0
132,carlos_alberto_perez_alegria_productora_de_eventos_e.i.r.l,lsrtoyaqbx,0
133,producciones_musicales_massivo_reccords_limitada,dntgjcevkr,0
134,kahnevents_gmbh,jbksqvamdo,0
135,actividades_de_entretenimiento_n.c._p_fabiola_patricia_fabres_cerda_em ,cabrwjmknd,0
136,recreo_producciones_spa,sagmvcybwu,0
137,kibon_video,otvmszjxgq,0
138,centro_de_eventos_aravena_malloco,cvedkoumpb,0
139,mayam_producciones,fvtukeqhsj,0
140,iragons_party,kuifwdjmsx,0
141,globscorp,viajurcxlz,0
142,artes_y_eventos_internacionales_s.a._,azquyigwne,0
143,g_&_t_business_group_spa,agvsechfkz,0
144,alto_la_torre,ngcqrmpfdx,0
145,universal_circus,qsnmvybfxd,0
146,cmg_audio_visual,oqmcikjbgh,0
147,queenstown_event_company,ghscmyzveq,0
148,club_providencia,vympxehtqa,0
149,fg_producciones,zcwvmtoakp,0
150,factor_eventos,xtzcdfpesj,0
151,piedra_mala_producciones_,jodtyiuwlh,0
152,producciones_seven_time_entertainment_group_limitada,lxqivaedst,0
153,bierlinerin,fcibsnwmdl,0
154,the_imagos,jivbnghtqz,0
155,dg_medios_y_espectaculos_s.a.,qmxnkgudot,0
156,sinstress_eventos,rozmiwfdtj,0
157,un_plan_producciones_,amcvwdstxp,0
158,animationphoenix,yhwzbuosjx,0
159,palma_y_compania_limitada,edksbvylnc,0
160,venue_hire_sydney,awbvornigu,0
161,grus_,zjdphsnmfl,0
162,wow.cl,dcvaslowkp,0
163,time_for_fun_(t4f),yvrlpusizw,0
164,blao,pkfcuweyto,0
165,eventseye,wghprdicvt,0
166,atomic_films,pgwtuqfybz,0
167,yellow_house,lrtadfchuj,0
168,club_de_la_union,hildfxbmut,0
169,weise_y_asociados_limitada,nmzbevdjxq,0
170,los_angeles_av_production,gohbiazpmw,0
171,x_producciones,urzdtabilp,0
172,t-entertainment_multi_producciones _(sebastian_torres_cortes_e.i.r.l).,vkquefdibo,0
173,lotus_festival_s.a.,qnwkgjsaol,0
174,nikkita_producciones_spa,nerslbghau,0
175,vision_world_producciones_limitada,ulijtqkabg,0
176,street_machine_producciones_s.a.,hbtazfpusc,0
177,nachhaltige_events,duanpwtboc,0
178,avant_garde_rp,eycqzgkhob,0
179,top_brand,okzpqwrays,0
180,planet_events,ohrzadlnkc,0
181,cream_entertainment_group_spa,kulsqpegoc,0
182,eveerlast_productions_inc.,ugvohcqfyb,0
183,903,mythbxpsjn,0
184,dedalo_producciones,gamkqlcwzv,0
185,dreams_-_eventos,cvdulyjpef,0
186,preludio_producciones_s.a._,xotmsedzwq,0
187,event_production_company,zwsridgfya,0
188,tyg_eventos_y_producciones,qscuapnriw,0
189,top_bruselas,zpfwsxygbc,0
190,palermo_films_s.a._,egbrkthyiq,0
191,fmg_producciones_,snbqiudtmc,0
192,corral_y_asociados_limitada,pgjriyftxa,0
193,eventos_comunidad_ombligo_limitada,shdjxqkgwb,0
194,ibolele_producciones,kwtubimrdh,0
195,leading_event_agency,hbsuqvfark,0
196,torres_petronas_spa,nkgsqcdlit,0
197,eventos_toronto_shaddai,cqxmhkslna,0
198,ye_&_ca_producciones_,ypftnvmbux,0
199,wlaceventos,ietwyljhug,0
200,bdd_producciones,puxcbnmydv,0
201,global_producciones_spa,mqavsywxep,0
202,producciones_baltimore,wkbcgfspvy,0
203,event_hire_sydney,bmfxwspiuo,0
204,eventos_y_producciones_evolucion_s.a,mtgzkbhpsx,0
205,as_relaciones_publicas,mrxlvtedbq,0
206,ee_-_servicio_de_eventos,dwesimkzly,0
207,centro_eventos_torres_de_paine,cidftlakpz,0
208,mouro_producciones,eftdqkhwol,0
209,centro_de_convenciones_santiago_s.a.,zyiwmeankp,0
210,rot_entertainment,yentrhvwfi,0
211,ais_producciones,jdoinymesh,0
212,carlos_lopez_vega_productora_de_eventos,xsmlweunvb,0
213,chocolate_stage_s.a.,zfxsjdlvou,0
214,hispagenda,glyrshoceb,0
215,soc_giacaman_y_cia_ltda,tilensfwbk,0
216,ethno_nueva_zelanda,jiuvrnwsbx,0
217,medios_y_contenidos_producciones_,odmtnqpuev,0
218,atipica_,dmbltkcuez,0
219,medios_y_contenidos_producciones_de_chile_s.a.,geaqhmxosj,0
220,virtualia_(productora_de_eventos),xdepcgfnwm,0
221,ap_eventos,lqdnjxopam,0
222,sociedad_comercial_mk_pro_limitada,fwehksudpy,0
223,ramasso_productora,itzeomahwv,0
224,andeschimp_spa,negkmutfqo,0
225,estadium_luna_park_,xyakrtqhzp,0
226,latitud_music_spa,rsktlbvjnz,0
227,comercial_audio_tec_limitada,iomhesdrnk,0
228,compañía_argentina_de_sueños_,lhvjcbnypx,0
A1,Duki,maiyqglzus,1
A2,Backstreet Boys,bgapcmstuy,1
A3,Michael Jackson,nyavkqwhgf,1
A4,Mon Laferte,amrbekxvzn,1
A5,Khea,ykhiaugnzt,1
A6,Jason Derulo,hsdjznkuxe,1
A7,Pink Floyd,uzwhvkofig,1
A8,Drake,quvbmrejfg,1
A9,Nicky Jam,sgcdtwinvx,1
A10,Lola Indigo,qsbpflacgj,1
A11,Ñengo Flow,zdmtyhbenv,1
A12,Big Time Rush,ckomizrbvn,1
A13,Elton John,xrpmlgbqyv,1
A14,Paulo Londra,mhkxeyzfri,1
A15,Maria Becerra,fjhwiourep,1
A16,Iggy Azalea,ytxzncuevo,1
A17,Daniel Caesar,regfqjtohu,1
A18,Rels B,wqeigsburh,1
A19,Feid,ynwcozdfvj,1
A20,Rolling Stones,gsqophnafl,1
A21,Prince Royce,ciqdmefhlr,1
A22,J Balvin,pmrovdyjbi,1
A23,Camila Cabello,onhytkxsdw,1
A24,Tiago PZK,kfgoncpway,1
A25,Rosalia,cbideasrop,1
A26,Santaferia,tqzivhnpyg,1
A27,DrefQuila,hesapfkulx,1
A28,Gepe,tzcwagnxkj,1
A29,Masked Wolf,cljzgnpfha,1
A30,Kesha,zqowpgjlca,1
A31,Billie Eilish,udpbhocqaw,1
A32,Soda Stereo,uojtswcqzy,1
A33,TWICE,olrunydpza,1
A34,Belinda,kgxatnbdve,1
A35,Jonas Brothers ,nzrmogtflh,1
A36,Olivia Rodrigo,pljqwrtmae,1
A37,Emilia,gzkjsbohdv,1
A38,Red Hot Chili Peppers,wlgpfndkay,1
A39,Sebastian Yatra,vbfucsyipa,1
A40,AC/DC,ndcrpquaoe,1
A41,Nicky Romero,pazjfedtor,1
A42,Becky G,rcdapxlzfk,1
A43,Martin Garrix,ladhynqxre,1
A44,Morat,shmkdnbrtx,1
A45,Cazzu,xkzdylsntr,1
A46,DJ Snake,plewcmyjxs,1
A47,Maluma,psebhnqyvu,1
A48,Francisca Valenzuela,jnuqaglxzf,1
A49,Coldplay,axnzdsgocj,1
A50,Afrojack,whzspmjoku,1
A51,Farruko,bvhrsgnjki,1
A52,Hardwell,qwabpnjckv,1
A53,Avicii,qrncvyftzw,1
A54,Daft Punk,vulfhyrwtb,1
A55,San Smith,dnrxbzelgk,1
A56,Mabel,ujhxngrwzq,1
A57,Lewis Capaldi,njiuxetfhv,1
A58,Tini Stoessel,btxhmnluzy,1
A59,Imagine Dragons,wmqdnfghly,1
A60,Zayn,ysfgoadnpq,1
A61,RBD,bptgkradel,1
A62,Natti Natasha,erdjfvbytz,1
A63,Bebe Rexha,cdnmikalyb,1
A64,Tiesto,oxsqlgemuj,1
A65,Pearl Jam,elgrqndpzk,1
A66,Steve Aoki,kwamrfthqx,1
A67,Dua Lipa,qrxolznpws,1
A68,Bruno Mars,kydhgtexls,1
A69,Javiera Mena ,fxesujaioq,1
A70,Rita Ora,xtcpyjuvdk,1
A71,Denisse Rossenthal,graowkuqzb,1
A72,Khalid,fqcmwijvde,1
A73,Mecano,dvufcxkrig,1
A74,Demi Lovato,ozaesjcbqt,1
A75,Eminem,jvlqcpayfg,1
A76,Luar La L,elwpyvokuc,1
A77,Romeo Santos,tznldykaeg,1
A78,Zedd,juowkxpirf,1
A79,Aerosmith,wkuzbhtfnc,1
A80,Eagles,japdhsuzte,1
A81,Bee Gees,sdztrqolni,1
A82,Niall Horan,ifegndqypz,1
A83,ABBA,tipgjosqbu,1
A84,Ed Sheeran,jgaopslfih,1
A85,Rihanna,ryaznphkci,1
A86,Sech,knfcxuqbem,1
A87,Rauw Alejando,xqgmzwtdbf,1
A88,Marshmello,gurwnaqpby,1
A89,5 Seconds of Summer,sxeypwqdgz,1
A90,Alan Walker,tbnwqkrixm,1
A91,Dimitri Vegas,oadrhlnwvk,1
A92,Hansen,hleugnzipr,1
A93,Lady Gaga,clfbstjgyd,1
A94,Fito Paez,zidglroywm,1
A95,Kygo,jrxebpfnog,1
A96,Paramore,adylsviuep,1
A97,Blackpink,lxgptkjdyb,1
A98,Trueno,cbfpkwutod,1
A99,Tate McRae,dxmhkqzuec,1
A100,Duncan Laurence,tdlesikcpn,1
A101,Megan Trainor,udjlhnkgst,1
A102,Cirque du Solei,sakgbypomd,1
A103,Madonna,lornjqmays,1
A104,The Martinez Brothers,yktmlapojz,1
A105,Beele,txjrhvdlqa,1
A106,Manuel Turizo,ygvhitfrwn,1
A107,Swedish House Mafia,vmiyxwzhat,1
A108,James Arthur,caghwejrzu,1
A109,Armin Van Buuren,yfqrmpbckx,1
A110,Chris Brown,jdbzvpecnq,1
A111,SZA,gsixjatohe,1
A112,Harry Styles,icumavpedr,1
A113,Gustavo Cerati,vwldcfrjtu,1
A114,Princesa Alba,cwmnsbvpaq,1
A115,Bon Jovi,vqzhwigkoc,1
A116,Conan Gray,xmbvotkqli,1
A117,Nicki Nicole,fxlgrwpscd,1
A118,Bad Bunny,ickdagquzb,1
A119,Ellie Gowlding,nhjmbltsqf,1
A120,Los Prisioneros,glmwaextsi,1
A121,Jennifer Lopez,zjvycefhtb,1
A122,Sam Smith,vanfjocsiu,1
A123,Ozuna,fqdgyvrmbw,1
A124,Kudai,vseqdcrotl,1
A125,Pailita,nkagvmdtuo,1
A126,Jessie J,fbezhcmnwk,1
A127,Polima Westcoast,gqxlycrtdv,1
A128,Diplo,srgkjdxbel,1
A129,Anitta,lyqizrsgpb,1
A130,Katy Perry,nkuowjzvyf,1
A131,A7S,uifnocrmed,1
A132,Lana del Rey,pkgmfzthyw,1
A133,R3hab,hwyapdtkju,1
A134,Justin Bieber,zumrstwkqv,1
A135,Karol G,jquegbdkri,1
A136,Louis Tomlinson,xdulywnebo,1
A137,Wisin & Yandel,lzjwcnhyui,1
A138,Nathy Peluso,dhzelniscu,1
A139,Post Malone,ewkdqpirhg,1
A140,C Tangana,igbahtspuw,1
A141,EXO,wqtycaxrjh,1
A142,Taylor Swift,qiaougjnek,1
A143,Jordan 23,pxjeoqaurb,1
A144,Black Eyed Peas,oigmkjluhq,1
A145,One Direction,fgcetobzlu,1
A146,Kanye West,ubsmiyqrln,1
A147,Robin Schulz,iaqlynegft,1
A148,Maroon 5,sieuonxjbw,1
A149,Oasis,hvcwznygbl,1
A150,Sia,oztkjfqpnd,1
A151,Daddy Yankee,kzbqwdaemn,1
A152,El Alfa,obqxtzyadv,1
A153,Cami,rkcliobywm,1
A154,Tool,vjykqdlbra,1
A155,Alesso,vjzcyeoqln,1
A156,Wos,edvbghfonj,1
A157,Miley Cyrus,zpuwibkatq,1
A158,Selena Gomez,wzaoprjiku,1
A159,Paloma Mami,qucwriydap,1
A160,Los Tres,perjdsqwub,1
A161,The Weeknd,qpmydxuilh,1
A162,Shakira,vashcwupkt,1
A163,Travis Scott,sfowtpmvrq,1
A164,Beto Cuevas,onfbjcxtpz,1
A165,New Kids on the Block,cglqkdtjnw,1
A166,Beyonce,tjcuelzdia,1
A167,Major Lazer,qlfsxdpzuc,1
A168,Camilo,muxjefbsoh,1
A169,Snow,omdrkyfabq,1
A170,BTS,rgafjvplyb,1
A171,Big Bang,tbywjsnphg,1
A172,Calvin Harris,clqtdkjewf,1
A173,One Republic,nukaqfvjpt,1
A174,Marcianeke,ozaudthyqm,1
A175,Doja Cat,lsorwvjtzx,1
A176,Lali Esposito,xgowuhlrqb,1
A177,Queen,txckaqliny,1
A178,Quevedo,zwenmhgito,1
A179,David Guetta,yzubdtwrpo,1
A180,U2,aostynvkch,1
A181,Reik,itcvpefros,1
A182,Anderson Paak,hatwgpkxsv,1
A183,The Beatles,zrwthdoyck,1
A184,La Ley,fkqrymtsep,1
A185,My Chemical Romance,ctsexkiqou,1
A186,Cardi B,abogxcfvdn,1
A187,Anuel AA,bdnzxahtpv,1
A188,Skrillex,ljioagsxwc,1
A189,Radiohead,blwrdjhupa,1
A190,Cris MJ,quinwhvoey,1
A191,Charly Garcia,htlwckgqod,1
A192,Ariana Grande,dekxotvazs,1
A193,Pablo Chill-E,ajtwyzkvnh,1
A194,Shawn Mendes,abitjmnupx,1
A195,Wiz Khalifa,ftdxargmsu,1
A196,La Oreja de Van Gogh,edvcnmfbql,1
A197,Bizarrap,dpbulkacsm,1
A198,Nicki Minaj,bjmoextpvh,1
A199,Camila,xtnkqgdvhb,1
A200,Mercedes Sosa,xkytzjumng,1
